{
"f0":{
"sounds":[{"name":"f0","stream":false}],"category":"player"},
"f1":{
"sounds":[{"name":"f1","stream":false}],"category":"player"},
"f2":{
"sounds":[{"name":"f2","stream":false}],"category":"player"},
"f3":{
"sounds":[{"name":"f3","stream":false}],"category":"player"},
"f4":{
"sounds":[{"name":"f4","stream":false}],"category":"player"},
"f5":{
"sounds":[{"name":"f5","stream":false}],"category":"player"},
"f6":{
"sounds":[{"name":"f6","stream":false}],"category":"player"},
"f7":{
"sounds":[{"name":"f7","stream":false}],"category":"player"},
"f8":{
"sounds":[{"name":"f8","stream":false}],"category":"player"},
"f9":{
"sounds":[{"name":"f9","stream":false}],"category":"player"},
"f10":{
"sounds":[{"name":"f10","stream":false}],"category":"player"},
"f11":{
"sounds":[{"name":"f11","stream":false}],"category":"player"},
"f12":{
"sounds":[{"name":"f12","stream":false}],"category":"player"},
"f13":{
"sounds":[{"name":"f13","stream":false}],"category":"player"},
"f14":{
"sounds":[{"name":"f14","stream":false}],"category":"player"},
"f15":{
"sounds":[{"name":"f15","stream":false}],"category":"player"},
"f16":{
"sounds":[{"name":"f16","stream":false}],"category":"player"},
"f17":{
"sounds":[{"name":"f17","stream":false}],"category":"player"},
"f18":{
"sounds":[{"name":"f18","stream":false}],"category":"player"},
"f19":{
"sounds":[{"name":"f19","stream":false}],"category":"player"}
}
